domain_id,domain_name,micro_credential_id,micro_credential_title,total_competencies,launch_ready,missing_locked_rubric_count,missing_locked_rubrics
1,AI & Automaiton,1,AI Prompt Engineer,10,yes,0,
1,AI & Automaiton,2,AI Project Manager,10,no,10,Define AI scope; Translate business needs; Manage AI risks; Timeline planning; Stakeholder coordination; Cost estimation; Model selection; Deployment planning; Performance tracking; Ethical compliance
1,AI & Automaiton,3,Generative AI Practitioner,10,no,10,Content generation control; Model fine-tuning basics; Data prompting strategies; Quality filtering; Bias detection; Use multimodal tools; Automation workflows; IP risk awareness; Output evaluation; Human-AI collaboration
1,AI & Automaiton,4,Responsible AI Practitioner,10,no,10,Bias identification; Fairness evaluation; Risk documentation; Transparency design; Explainability methods; Regulatory alignment; Consent management; Model auditing; Ethical reporting; Governance frameworks
1,AI & Automaiton,5,AI Workflow Automation Specialist,10,no,10,Process mapping; API orchestration; Trigger-based logic; Error handling; Data pipelines; Tool integration; Version control; Automation testing; Monitoring systems; Performance optimization
1,AI & Automaiton,6,Conversational AI Designer,10,no,10,Dialogue flow design; Intent mapping; Entity recognition; UX writing; Error recovery flows; Training datasets; Multilingual support; Sentiment handling; Conversation testing; Bot performance tuning
1,AI & Automaiton,7,AI Decision Support Analyst,10,no,10,Decision modeling; Scenario simulation; Data sourcing; Model validation; Confidence scoring; Visualization; Risk interpretation; Bias detection; Stakeholder explanation; Continuous learning loops
1,AI & Automaiton,8,AI Content Strategist,10,no,10,Audience analysis; AI editorial planning; Prompt strategy; Content QA; SEO alignment; Brand voice control; Workflow design; Compliance checks; Performance analytics; Automation pipelines
1,AI & Automaiton,9,AI Knowledge Management Specialist,10,no,10,Knowledge structuring; Vector databases; Retrieval optimization; Data cleaning; Taxonomy building; Search tuning; Governance rules; Security design; Documentation standards; Continuous updating
1,AI & Automaiton,10,AI Productivity Architect,10,no,10,Task automation; Tool selection; Workflow optimization; Productivity metrics; User training; System integration; Change management; ROI analysis; Adoption strategy; Performance scaling
1,AI & Automaiton,11,Applied AI Research Professional,10,no,10,Research framing; Experiment design; Dataset evaluation; Statistical validation; Model benchmarking; Documentation; Peer review literacy; Ethical compliance; Reproducibility; Publication readiness
1,AI & Automaiton,12,AI Quality & Validation Specialist,10,no,10,Test dataset design; Error classification; Performance metrics; Regression testing; Drift detection; Bias testing; Audit reporting; QA automation; Tool validation; Compliance verification
1,AI & Automaiton,13,AI Policy & Governance Analyst,10,no,10,Regulatory research; Policy drafting; Risk classification; Compliance mapping; Stakeholder advisory; Ethics frameworks; Governance structures; Audit preparation; Legal coordination; Reporting systems
1,AI & Automaiton,14,AI Adoption Lead,10,no,10,Organizational readiness; Change strategy; Training design; Resistance management; KPI definition; Stakeholder alignment; Pilot execution; Scaling roadmap; Value tracking; Culture building
1,AI & Automaiton,15,AI Ethics Officer,10,no,10,Ethical risk analysis; Bias audits; Consent governance; Transparency standards; Compliance reporting; Incident handling; Policy development; Staff training; Public accountability; Continuous monitoring
2,Data & Analytics,16,Business Data Analyst,10,no,10,Data cleaning; SQL querying; KPI modeling; Dashboard creation; Trend analysis; Stakeholder reporting; Insight framing; Forecast interpretation; Data validation; Decision support
2,Data & Analytics,17,Data Literacy Professional,10,no,10,Data interpretation; Chart reading; Statistical basics; Bias awareness; Question framing; Tool navigation; Data storytelling; Data ethics; Business relevance; Critical evaluation
2,Data & Analytics,18,Data Visualization Specialist,10,no,10,Chart design; Tool mastery; Story framing; Color theory; Audience targeting; Interactivity; Dashboard UX; Data accuracy; Performance optimization; Accessibility design
2,Data & Analytics,19,Predictive Analytics Practitioner,10,no,10,Model selection; Feature engineering; Validation testing; Forecast evaluation; Bias detection; Scenario planning; Tool deployment; Business translation; Risk estimation; Monitoring drift
2,Data & Analytics,20,Data Governance Officer,10,no,10,Data policy design; Quality standards; Ownership mapping; Privacy compliance; Metadata systems; Audit trails; Risk classification; Access control; Lifecycle management; Compliance reporting
2,Data & Analytics,21,Data Quality Manager,10,no,10,Quality metrics; Root-cause analysis; Validation frameworks; Data cleansing rules; Automation tools; Governance coordination; Error reporting; Monitoring dashboards; Training programs; Continuous improvement
2,Data & Analytics,22,Workforce Analytics Specialist,10,no,10,HR data modeling; Attrition forecasting; Productivity metrics; Skills mapping; Talent insights; Diversity analysis; Cost modeling; Dashboard reporting; Ethics compliance; Strategic advisory
2,Data & Analytics,23,Customer Insights Analyst,10,no,10,Survey design; Behavioral analysis; Segmentation; Journey mapping; Sentiment analytics; Insight reporting; Persona development; Data triangulation; Business translation; Decision support
2,Data & Analytics,24,Experimentation & A/B Testing Specialist,10,no,10,Hypothesis creation; Test design; Sample sizing; Bias control; Statistical testing; Result interpretation; Tool configuration; Documentation; Stakeholder reporting; Continuous optimization
2,Data & Analytics,25,AI-Assisted Analytics Professional,10,no,10,AI data querying; Insight automation; Model validation; Tool orchestration; Data ethics; Visualization; Business translation; Bias checks; Workflow automation; Performance tuning
2,Data & Analytics,26,Data Privacy & Ethics Officer,10,no,10,Privacy law mapping; Consent design; Risk assessment; Data minimization; Breach protocols; Vendor audits; Staff training; Compliance reporting; Ethics frameworks; Continuous review
2,Data & Analytics,27,Applied Statistics Practitioner,10,no,10,Probability modeling; Hypothesis testing; Regression analysis; Sampling design; Bias detection; Tool usage; Result interpretation; Documentation; Quality control; Decision support
2,Data & Analytics,28,Insight Reporting Specialist,10,no,10,Executive summaries; Visualization design; Data synthesis; Narrative framing; Accuracy checks; Stakeholder alignment; KPI translation; Formatting standards; Automation tools; Feedback integration
2,Data & Analytics,29,Evidence-Based Decision Analyst,10,no,10,Research evaluation; Data triangulation; Risk weighting; Bias awareness; Scenario modeling; Recommendation framing; Documentation; Stakeholder briefing; Impact measurement; Continuous refinement
2,Data & Analytics,30,Data Storytelling Designer,10,no,10,Narrative structure; Visual alignment; Audience targeting; Insight framing; Emotional resonance; Tool mastery; Accuracy validation; Presentation design; Feedback iteration; Ethical storytelling
3,Strategy & Leadership,31,Strategic Thinking Practitioner,10,no,10,Environmental scanning; Competitive analysis; Long-term scenario planning; Systems mapping; Strategic prioritization; Risk–opportunity evaluation; Assumption testing; Strategic communication; Decision framing; Strategy review & adaptation
3,Strategy & Leadership,32,Business Model Innovation Strategist,10,no,10,Value proposition design; Revenue model creation; Cost structure analysis; Market validation; Customer discovery; Prototype testing; Competitive differentiation; Scaling strategies; Risk assessment; Business model documentation
3,Strategy & Leadership,33,Organizational Change Manager,10,no,10,Change impact analysis; Stakeholder mapping; Resistance management; Communication planning; Training rollout; Change metrics tracking; Leadership alignment; Culture integration; Risk mitigation; Sustainability planning
3,Strategy & Leadership,34,Stakeholder Engagement Lead,10,no,10,Stakeholder identification; Expectation management; Relationship building; Negotiation skills; Conflict resolution; Communication strategy; Feedback systems; Trust building; Influence mapping; Engagement reporting
3,Strategy & Leadership,35,Decision-Making Under Uncertainty Specialist,10,no,10,Probability reasoning; Scenario modeling; Risk weighting; Bias detection; Data triangulation; Stress testing; Trade-off analysis; Decision documentation; Recommendation presentation; Outcome evaluation
3,Strategy & Leadership,36,Performance Management Professional,10,no,10,KPI design; Performance measurement systems; Feedback mechanisms; Coaching integration; Incentive alignment; Data analysis; Reporting frameworks; Continuous improvement planning; Fairness assessment; Performance audits
3,Strategy & Leadership,37,Professional Ethics Officer,10,no,10,Ethics policy development; Compliance monitoring; Incident investigation; Risk identification; Whistleblower systems; Ethics training; Reporting procedures; Governance alignment; Case documentation; Continuous ethics review
3,Strategy & Leadership,38,Leadership Communication Coach,10,no,10,Executive messaging; Storytelling methods; Persuasion techniques; Active listening analysis; Conflict dialogue coaching; Presentation skills; Feedback delivery; Cultural sensitivity; Crisis communication; Communication evaluation
3,Strategy & Leadership,39,Systems Thinking Practitioner,10,no,10,System mapping; Causal loop modeling; Feedback analysis; Complexity management; Leverage point identification; Scenario testing; Cross-functional integration; Sustainability modeling; Risk interaction analysis; Visual systems documentation
3,Strategy & Leadership,40,Innovation Program Manager,10,no,10,Innovation portfolio design; Idea evaluation frameworks; Funding allocation; Pilot execution; Performance tracking; Stakeholder coordination; Risk management; Scaling strategies; Governance compliance; Innovation reporting
3,Strategy & Leadership,41,Value Proposition Strategist,10,no,10,Customer research; Pain-point analysis; Benefit modeling; Differentiation strategy; Testing frameworks; Messaging design; Pricing logic; Market positioning; Iterative refinement; Validation reporting
3,Strategy & Leadership,42,Corporate Strategy Analyst,10,no,10,Market trend analysis; Competitor benchmarking; Financial forecasting; Growth scenario modeling; M&A screening; Risk modeling; Strategic reporting; Executive briefing; KPI tracking; Strategy review
3,Strategy & Leadership,43,Business Agility Lead,10,no,10,Agile framework design; Delivery metrics tracking; Organizational restructuring; Stakeholder coaching; Change facilitation; Risk mitigation; Workflow optimization; Culture transformation; Tool integration; Scaling agility
3,Strategy & Leadership,44,Enterprise Risk Professional,10,no,10,Risk taxonomy creation; Risk assessment modeling; Mitigation planning; Compliance mapping; Incident response; Scenario testing; Risk reporting; Audit coordination; Board communication; Continuous monitoring
3,Strategy & Leadership,45,Governance & Oversight Officer,10,no,10,Governance framework design; Policy drafting; Compliance audits; Risk oversight; Board reporting; Ethics integration; Regulatory mapping; Transparency systems; Documentation control; Governance monitoring
4,Project & Operations,46,AI-Enabled Project Manager,10,no,10,Project scoping; AI tool selection; Timeline management; Budget forecasting; Risk tracking; Stakeholder coordination; Quality control; Performance metrics; Deployment planning; Project reporting
4,Project & Operations,47,Agile Delivery Practitioner,10,no,10,Sprint planning; Backlog management; Agile ceremonies facilitation; Velocity tracking; Stakeholder communication; Continuous improvement; Risk handling; Tool utilization; Delivery metrics; Retrospective analysis
4,Project & Operations,48,Scrum Practice Lead,10,no,10,Scrum framework mastery; Team coaching; Sprint facilitation; Impediment resolution; Metrics tracking; Stakeholder alignment; Continuous improvement; Agile training; Performance review; Process documentation
4,Project & Operations,49,Kanban & Flow Specialist,10,no,10,Workflow visualization; Bottleneck analysis; WIP optimization; Throughput tracking; Cycle time reduction; Demand forecasting; Continuous delivery design; Performance reporting; Tool configuration; Process auditing
4,Project & Operations,50,Product Discovery Specialist,10,no,10,User research; Problem framing; Hypothesis testing; Prototyping; Usability testing; Feedback synthesis; Feature prioritization; Market validation; Stakeholder alignment; Documentation
4,Project & Operations,51,Product Requirements Analyst,10,no,10,Requirements gathering; Stakeholder interviews; Use-case modeling; Acceptance criteria definition; Scope control; Documentation standards; Validation testing; Change management; Traceability mapping; Requirement audits
4,Project & Operations,52,Operational Risk Officer,10,no,10,Risk identification; Process mapping; Impact analysis; Control design; Monitoring systems; Incident reporting; Compliance alignment; Risk mitigation planning; Documentation; Continuous improvement
4,Project & Operations,53,Process Improvement Specialist,10,no,10,Process analysis; Bottleneck detection; Root-cause analysis; Automation design; KPI optimization; Workflow redesign; Cost reduction strategies; Quality control; Change implementation; Process documentation
4,Project & Operations,54,Lean Operations Practitioner,10,no,10,Waste identification; Value stream mapping; Kaizen facilitation; Continuous improvement cycles; Performance metrics; Standard work design; Cost efficiency modeling; Team training; Quality optimization; Lean audits
4,Project & Operations,55,Service Operations Manager,10,no,10,Service workflow design; Demand forecasting; Capacity planning; Quality assurance; Customer experience management; Staff scheduling; Cost control; Performance reporting; Risk management; Service improvement planning
4,Project & Operations,56,Portfolio Prioritization Analyst,10,no,10,Investment analysis; Risk–return modeling; Resource allocation; Scenario evaluation; Dependency mapping; Stakeholder input analysis; Ranking frameworks; Financial modeling; Portfolio reporting; Review cycles
4,Project & Operations,57,Digital Operations Lead,10,no,10,Process digitization; Automation planning; Tool integration; Data workflow design; Performance monitoring; Cyber risk awareness; Cost optimization; Change management; Documentation; Continuous scaling
4,Project & Operations,58,Business Continuity Planner,10,no,10,Risk assessment; Impact analysis; Recovery planning; Crisis simulation; Communication protocols; Resource backup strategies; Compliance documentation; Testing procedures; Staff training; Plan updating
4,Project & Operations,59,Delivery Excellence Manager,10,no,10,Delivery standards design; Performance benchmarking; Quality metrics; Stakeholder coordination; Risk control; Continuous improvement systems; Automation usage; Reporting frameworks; Team coaching; Process audits
4,Project & Operations,60,Operational Metrics Analyst,10,no,10,KPI modeling; Data collection systems; Dashboard creation; Trend analysis; Root-cause analytics; Forecasting; Reporting design; Stakeholder interpretation; Automation setup; Data validation
5,Technology,61,Digital Transformation Specialist,10,no,10,Digital maturity assessment; Roadmap creation; Technology selection; Change management; Stakeholder alignment; Risk evaluation; KPI definition; Automation strategy; Governance integration; Transformation reporting
5,Technology,62,Cloud Literacy Professional,10,no,10,Cloud service models; Cost management; Security fundamentals; Architecture basics; Vendor evaluation; Deployment concepts; Data protection; Compliance awareness; Performance optimization; Documentation
5,Technology,63,API Integration Specialist,10,no,10,API design principles; Authentication methods; Data mapping; Error handling; Testing frameworks; Performance tuning; Security practices; Documentation standards; Version control; Integration monitoring
5,Technology,64,Technology Adoption Manager,10,no,10,Adoption planning; User training design; Change communication; Resistance management; KPI tracking; Stakeholder alignment; Tool evaluation; Risk mitigation; Feedback analysis; Continuous improvement
5,Technology,65,Cybersecurity Awareness Professional,10,no,10,Threat identification; Phishing detection; Password security; Data protection practices; Incident reporting; Safe browsing habits; Device security; Compliance awareness; Risk communication; Security training facilitation
5,Technology,66,Digital Resilience Officer,10,no,10,Infrastructure risk analysis; Incident response planning; Backup strategy design; Recovery testing; System monitoring; Cyber resilience planning; Compliance alignment; Staff training; Documentation; Continuous improvement
5,Technology,67,IT Governance Specialist,10,no,10,Governance frameworks; Policy development; Compliance audits; Risk management; Vendor evaluation; Performance metrics; Reporting systems; Stakeholder communication; Documentation standards; Continuous governance review
5,Technology,68,No-Code Automation Builder,10,no,10,Workflow design; Tool configuration; Logic modeling; Error handling; Integration setup; Testing procedures; Performance monitoring; Documentation; User training; Automation optimization
5,Technology,69,Digital Systems Architect,10,no,10,System requirements analysis; Architecture design; Integration planning; Security modeling; Performance tuning; Scalability design; Risk assessment; Documentation standards; Vendor coordination; Architecture audits
5,Technology,70,Blockchain Use-Case Analyst,10,no,10,Blockchain fundamentals; Use-case identification; Feasibility analysis; Risk assessment; Regulatory awareness; Cost–benefit modeling; Architecture basics; Stakeholder communication; Documentation; Implementation roadmap
6,Marketing & Growth,71,Digital Marketing & Growth Strategist,10,no,10,Audience segmentation; Channel strategy design; Campaign planning; Budget optimization; KPI tracking; Conversion analysis; Content alignment; Automation tools; Compliance awareness; Performance reporting
6,Marketing & Growth,72,AI-Assisted Content Marketer,10,no,10,Prompt engineering; Content planning; SEO integration; Quality filtering; Brand voice control; Workflow automation; Performance analytics; Compliance checks; Multichannel publishing; Optimization cycles
6,Marketing & Growth,73,SEO & Web Analytics Specialist,10,no,10,Keyword research; Technical SEO auditing; On-page optimization; Link analysis; Traffic analysis; Conversion tracking; Dashboard reporting; Algorithm monitoring; Tool mastery; Continuous optimization
6,Marketing & Growth,74,Customer Journey Designer,10,no,10,Journey mapping; Persona development; Touchpoint analysis; Pain-point identification; Experience design; UX testing; Data integration; Stakeholder collaboration; Journey optimization; Documentation
6,Marketing & Growth,75,Growth Strategy Manager,10,no,10,Market opportunity analysis; Funnel modeling; Experimentation planning; KPI definition; Scaling frameworks; Revenue optimization; Customer acquisition strategies; Data interpretation; Risk management; Growth reporting
6,Marketing & Growth,76,CRM Effectiveness Analyst,10,no,10,CRM configuration analysis; Data quality assessment; Customer segmentation; Automation workflows; Reporting dashboards; Adoption monitoring; Process optimization; Compliance alignment; Performance metrics; Continuous improvement
6,Marketing & Growth,77,Brand Strategy Professional,10,no,10,Brand positioning; Market perception analysis; Messaging frameworks; Visual identity alignment; Competitive differentiation; Campaign consistency; Reputation management; Brand metrics tracking; Stakeholder coordination; Strategy documentation
6,Marketing & Growth,78,Social Media Strategy Lead,10,no,10,Platform analysis; Content planning; Engagement metrics; Community management; Campaign execution; Crisis handling; Brand alignment; Automation tools; Performance reporting; Optimization cycles
6,Marketing & Growth,79,Conversion Optimization Specialist,10,no,10,Funnel analysis; A/B testing; User behavior tracking; UX evaluation; Hypothesis development; Data interpretation; Tool configuration; Reporting frameworks; Optimization planning; Documentation
6,Marketing & Growth,80,Market Intelligence Analyst,10,no,10,Market research design; Competitor tracking; Trend forecasting; Data synthesis; Risk analysis; Insight reporting; Stakeholder briefing; Tool utilization; Scenario modeling; Continuous monitoring
7,HR & People Development,81,Talent Acquisition Specialist,10,no,10,Workforce planning; Candidate sourcing; Interview design; Assessment frameworks; Employer branding; Compliance awareness; Data tracking; Offer negotiation; Onboarding coordination; Recruitment reporting
7,HR & People Development,82,Workforce Planning Analyst,10,no,10,Demand forecasting; Skills gap analysis; Scenario modeling; Cost estimation; Capacity planning; Data visualization; Stakeholder communication; Risk evaluation; Workforce metrics; Reporting
7,HR & People Development,83,Learning Design Professional,10,no,10,Learning needs analysis; Curriculum design; Instructional modeling; Assessment planning; Digital learning tools; Engagement strategies; Evaluation metrics; Iterative improvement; Documentation; Program reporting
7,HR & People Development,84,Instructional Design with AI,10,no,10,AI content generation; Learning pathway design; Adaptive assessment modeling; Engagement analytics; Prompt design; Content QA; Tool integration; Compliance standards; Optimization cycles; Documentation
7,HR & People Development,85,Performance Coaching Practitioner,10,no,10,Goal setting frameworks; Behavioral analysis; Feedback techniques; Motivation strategies; Progress tracking; Ethics awareness; Coaching documentation; Outcome measurement; Client engagement; Continuous development
7,HR & People Development,86,Competency Framework Designer,10,no,10,Skill taxonomy creation; Level definition; Assessment criteria design; Validation testing; Stakeholder alignment; Tool integration; Documentation standards; Governance alignment; Performance linkage; Framework audits
7,HR & People Development,87,Employee Engagement Lead,10,no,10,Engagement surveys; Culture assessment; Program design; Communication strategies; Feedback systems; Data analysis; Leadership alignment; Improvement planning; Reporting; Continuous evaluation
7,HR & People Development,88,Remote Team Management Professional,10,no,10,Virtual communication systems; Performance tracking; Motivation strategies; Collaboration tools; Conflict resolution; Cultural sensitivity; Workload management; Compliance awareness; Reporting; Team development
7,HR & People Development,89,People Analytics Specialist,10,no,10,HR data modeling; Predictive analytics; Dashboard creation; Workforce insights; Ethics compliance; Bias detection; Reporting frameworks; Tool mastery; Decision support; Continuous improvement
7,HR & People Development,90,Organizational Culture Strategist,10,no,10,Culture diagnostics; Value mapping; Behavior modeling; Leadership alignment; Change facilitation; Communication planning; Engagement strategies; Metrics tracking; Risk management; Culture documentation
8,Finance & ESG,91,Financial Literacy Professional,10,no,10,Budgeting fundamentals; Cash flow analysis; Debt management; Savings strategies; Investment basics; Risk awareness; Financial planning; Tool usage; Decision evaluation; Financial reporting
8,Finance & ESG,92,Budgeting & Forecasting Analyst,10,no,10,Budget modeling; Variance analysis; Forecast techniques; Scenario planning; Data validation; Stakeholder communication; Reporting systems; Automation tools; Risk assessment; Continuous refinement
8,Finance & ESG,93,Financial Risk Practitioner,10,no,10,Risk identification; Quantitative modeling; Stress testing; Scenario analysis; Mitigation planning; Compliance alignment; Reporting frameworks; Tool mastery; Decision support; Risk monitoring
8,Finance & ESG,94,Internal Controls Specialist,10,no,10,Control design; Risk mapping; Compliance testing; Process audits; Documentation standards; Control automation; Incident reporting; Stakeholder coordination; Improvement planning; Control monitoring
8,Finance & ESG,95,Compliance Operations Officer,10,no,10,Regulatory mapping; Compliance procedures; Monitoring systems; Incident handling; Reporting protocols; Staff training; Vendor compliance; Audit coordination; Documentation; Continuous review
8,Finance & ESG,96,ESG Reporting Analyst,10,no,10,ESG data collection; Metric standardization; Reporting frameworks; Stakeholder disclosure; Data validation; Risk assessment; Compliance mapping; Visualization design; Automation tools; ESG audits
8,Finance & ESG,97,Sustainability Strategy Manager,10,no,10,Sustainability assessment; Strategy development; KPI definition; Regulatory compliance; Stakeholder engagement; Risk evaluation; Reporting systems; Investment modeling; Program execution; Continuous improvement
8,Finance & ESG,98,Audit Readiness Specialist,10,no,10,Documentation control; Evidence preparation; Compliance mapping; Risk assessment; Process walkthroughs; Stakeholder coordination; Gap analysis; Corrective planning; Audit simulation; Reporting
8,Finance & ESG,99,Regulatory Compliance Professional,10,no,10,Regulation research; Policy drafting; Risk assessment; Compliance audits; Incident management; Training programs; Documentation standards; Reporting frameworks; Stakeholder liaison; Continuous monitoring
8,Finance & ESG,100,Ethical Governance Advisor,10,no,10,Governance framework design; Ethics policy development; Board advisory support; Risk oversight; Transparency systems; Compliance alignment; Conflict resolution; Reporting standards; Accountability mechanisms; Governance audits
9,Teaching & Education,137,Classroom Learning Designer,10,no,10,Learning outcome design; Lesson sequencing; Cognitive load management; Active learning strategies; Instructional alignment; Classroom flow planning; Learner diversity adaptation; Teaching resource design; Evaluation of lesson effectiveness; Turn on screen reader support
9,Teaching & Education,138,Curriculum Mapping Specialist,10,no,10,Curriculum standards analysis; Learning pathway design; Vertical alignment; Horizontal alignment; Competency mapping; Assessment alignment; Curriculum documentation; Stakeholder coordination; Digital curriculum tools; Curriculum quality assurance
9,Teaching & Education,139,Lesson Engineering Practitioner,10,no,10,Lesson structuring; Instructional modeling; Time optimization; Learning activity engineering; Classroom pacing; Engagement design; Feedback integration; Differentiation techniques; Learning evidence capture; Iterative redesign
9,Teaching & Education,140,Student Assessment Designer,10,no,10,Formative assessment design; Summative assessment design; Rubric construction; Validity &amp; reliability testing; Performance task design; Feedback systems; Competency measurement; Bias mitigation; Digital assessment tools; Data interpretation
9,Teaching & Education,141,Differentiated Instruction Practitioner,10,no,10,Learner profiling; Instruction adaptation; Multi-modal teaching strategies; Learning scaffolding; Individual learning plans; Mixed-ability classroom management; Assessment adaptation; Assistive technologies; Inclusive pedagogy; Progress monitoring
9,Teaching & Education,142,Inclusive Education Support Specialist,10,no,10,Special needs identification; Individual education plans; Accessibility design; Behavior support planning; Assistive technology use; Collaboration with specialists; Legal compliance awareness; Family engagement; Inclusive classroom strategies; Impact evaluation
9,Teaching & Education,143,Student Engagement Facilitator,10,no,10,Motivation theory application; Classroom climate design; Active participation strategies; Gamification methods; Inquiry-based learning; Student voice facilitation; Collaborative learning design; Engagement analytics; Intervention strategies; Engagement evaluation
9,Teaching & Education,144,Classroom Communication Specialist,10,no,10,Instructional clarity; Non-verbal communication; Active listening; Questioning techniques; Conflict de-escalation; Cross-cultural communication; Parent communication; Digital communication tools; Presentation skills; Feedback communication
9,Teaching & Education,145,Digital Teaching Practitioner,10,no,10,Digital pedagogy models; LMS operation; Virtual classroom management; Multimedia integration; Student digital engagement; Online assessment tools; Accessibility compliance; Cyber safety; Learning analytics basics; Digital teaching evaluation
9,Teaching & Education,146,AI-Assisted Teaching Practitioner,10,no,10,AI tool selection; Prompt engineering for teaching; AI lesson integration; Student AI literacy guidance; AI ethics awareness; AI-supported assessment; AI feedback systems; Bias detection; Data privacy compliance; AI teaching effectiveness evaluation
9,Teaching & Education,147,Learning Management System Administrator (Education),10,no,10,Platform configuration; Course setup; User management; Content integration; Assessment deployment; Learning analytics extraction; Security controls; System troubleshooting; Data backup; Platform optimization
9,Teaching & Education,148,Digital Learning Content Creator,10,no,10,Instructional video design; Interactive content development; Visual learning principles; Script writing; Storyboarding; Accessibility design; Editing tools mastery; Multimedia assessment design; Content evaluation; Learning impact measurement
9,Teaching & Education,149,Blended Learning Environment Designer,9,no,9,Hybrid pedagogy design; Technology integration; Classroom-online synchronization; Engagement planning; Assessment design; Infrastructure planning; Student support systems; Staff training design; Risk management
9,Teaching & Education,150,Digital Assessment Systems Practitioner,10,no,10,Online testing systems; E-portfolio platforms; Automated grading tools; Plagiarism detection; Data security; Rubric digitization; Learning analytics use; Bias auditing; Compliance standards; System optimization
9,Teaching & Education,151,Child Development Support Practitioner,10,no,10,Cognitive development analysis; Emotional development support; Behavioral development tracking; Learning difficulty detection; Developmental milestone assessment; Family engagement; Intervention planning; Referral coordination; Ethical safeguarding; Outcome evaluation
9,Teaching & Education,152,Classroom Psychology Practitioner,10,no,10,Behavior analysis; Motivation diagnostics; Stress management strategies; Attention regulation; Classroom climate optimization; Trauma-informed teaching; Peer relationship facilitation; Mental wellbeing support; Crisis response; Psychological intervention evaluation
9,Teaching & Education,153,Social-Emotional Learning Facilitator,10,no,10,Emotional literacy instruction; Empathy development; Self-regulation strategies; Relationship skills training; Responsible decision-making coaching; Conflict resolution facilitation; Classroom integration; Parent collaboration; SEL assessment; Program evaluation
9,Teaching & Education,154,Behavior Intervention Specialist,10,no,10,Behavior diagnosis; Intervention design; Positive reinforcement systems; Crisis intervention; Classroom management models; Data tracking; Collaboration with families; Ethical compliance; Behavior monitoring; Outcome reporting
9,Teaching & Education,155,Student Safeguarding Officer,10,no,10,Risk identification; Reporting protocols; Legal compliance; Child protection systems; Digital safety; Staff training; Crisis management; Documentation; Stakeholder coordination; Safeguarding audits
9,Teaching & Education,156,Education Data-Informed Practitioner,10,no,10,Data collection methods; Data cleaning; Learning analytics interpretation; Decision support; Dashboard use; Ethical data use; Student progress tracking; Intervention planning; Reporting; Impact evaluation
9,Teaching & Education,157,Classroom Research Practitioner,10,no,10,Action research design; Data gathering; Classroom experimentation; Evidence analysis; Ethics approval; Documentation; Findings presentation; Practice improvement; Peer review participation; Research dissemination
9,Teaching & Education,158,Parent & Community Engagement Coordinator,10,no,10,Stakeholder mapping; Communication planning; Event coordination; Conflict mediation; Cultural sensitivity; Digital outreach; Partnership development; Feedback systems; Engagement metrics; Program evaluation
9,Teaching & Education,159,Professional Teaching Ethics Officer,10,no,10,Ethical frameworks; Professional standards; Compliance monitoring; Conflict of interest management; Safeguarding principles; Data ethics; Policy interpretation; Ethical training delivery; Incident reporting; Ethics audits
9,Teaching & Education,160,Reflective Practice Portfolio Practitioner,10,no,10,Evidence collection; Teaching artifact documentation; Reflective writing; Competency mapping; Performance benchmarking; Goal setting; Peer review integration; Digital portfolio design; Professional narrative development; Continuous improvement planning
9,Teaching & Education,161,Advanced Learning Analytics Practitioner,10,no,10,Predictive modeling; Advanced dashboards; Risk identification; Intervention modeling; Data governance; Statistical analysis; AI analytics tools; Ethics compliance; Reporting; Strategic insights
9,Teaching & Education,162,Curriculum Innovation Lead,10,no,10,Future skills integration; Competency framework design; Industry alignment; Digital curriculum systems; Change leadership; Stakeholder coordination; Quality assurance; Piloting methods; Scaling strategies; Impact evaluation
9,Teaching & Education,163,Learning Experience Architect,10,no,10,Learner journey design; Cognitive experience modeling; Engagement engineering; Technology integration; Assessment alignment; UX principles; Accessibility design; Iterative prototyping; Analytics integration; Experience evaluation
9,Teaching & Education,164,AI-Personalized Learning Systems Designer,10,no,10,Adaptive learning models; AI recommendation engines; Data integration; Algorithm bias management; Learning pathway optimization; System testing; Privacy compliance; Performance analytics; Stakeholder training; System evaluation
9,Teaching & Education,165,Instructional Leadership Practitioner,10,no,10,Adaptive learning models; AI recommendation engines; Data integration; Algorithm bias management; Learning pathway optimization; System testing; Privacy compliance; Performance analytics; Stakeholder training; System evaluation
9,Teaching & Education,166,School Operations Manager,10,no,10,Academic scheduling; Resource management; Budget coordination; Facilities planning; Risk management; Staff coordination; Compliance tracking; Digital systems oversight; Process optimization; Operational reporting
9,Teaching & Education,167,Teacher Development & Mentoring Lead,10,no,10,Mentorship program design; Competency assessment; Coaching techniques; Training needs analysis; Learning pathway design; Feedback systems; Performance analytics; Professional portfolio evaluation; Talent retention strategies; Impact evaluation
9,Teaching & Education,168,Education Project Manager,10,no,10,Project planning; Resource allocation; Risk management; Budget tracking; Stakeholder coordination; Agile delivery; Quality control; Reporting systems; Evaluation metrics; Knowledge transfer
9,Teaching & Education,169,Academic Quality Assurance Officer,10,no,10,Standards interpretation; Audit design; Evidence validation; Accreditation preparation; Data analysis; Documentation systems; Compliance monitoring; Process improvement; Risk mitigation; Reporting
9,Teaching & Education,170,Accreditation & Compliance Coordinator,10,no,10,Regulatory mapping; Evidence compilation; Policy alignment; Accreditation submissions; Audit coordination; Stakeholder communication; Documentation governance; Continuous compliance systems; Risk tracking; Outcome reporting
9,Teaching & Education,171,Institutional Education Data Analyst,10,no,10,Institutional data modeling; KPI framework design; Forecasting; Risk analytics; Policy evaluation; Dashboard architecture; Ethical compliance; Reporting; Data quality assurance; Strategic insights
9,Teaching & Education,172,School Change Management Practitioner,10,no,10,Change readiness assessment; Communication planning; Resistance management; Stakeholder alignment; Training design; Performance monitoring; Cultural transformation; Risk mitigation; Sustainability planning; Impact evaluation
9,Teaching & Education,173,Applied Education Research Specialist,10,no,10,Research design; Instrument development; Data analysis; Ethics compliance; Field implementation; Impact evaluation; Academic writing; Peer review; Dissemination; Policy translation
9,Teaching & Education,174,Mixed-Methods Education Researcher,10,no,10,Journal selection; Qualitative methods; Data triangulation; Statistical modeling; Interview design; Survey construction; Ethics protocols; Research reporting; Publication preparation; Evidence synthesis
9,Teaching & Education,175,Action Research Systems Lead,9,no,9,Institutional frameworks; Data collection systems; Teacher training; Evidence validation; Implementation monitoring; Knowledge management; Scaling strategies; Quality assurance; Policy integration
9,Teaching & Education,176,Academic Publishing Practitioner (Education),9,no,9,Manuscript preparation; Peer review response; Citation standards; Ethics compliance; Research visibility strategies; Editorial collaboration; Publication metrics analysis; Knowledge translation; Research impact reporting
9,Teaching & Education,177,Education Policy Analyst,10,no,10,Policy analysis frameworks; Impact modeling; Stakeholder consultation; Legal interpretation; Data integration; Comparative benchmarking; Policy drafting; Advocacy communication; Risk assessment; Policy evaluation
9,Teaching & Education,178,Education Law & Ethics Advisor,10,no,10,Education legislation analysis; Institutional compliance; Risk mitigation; Ethical governance; Contract interpretation; Data protection law; Dispute resolution; Policy advisory; Documentation; Compliance audits
9,Teaching & Education,179,International Education Systems Consultant,10,no,10,Global benchmarking; Comparative policy analysis; Accreditation mapping; Mobility frameworks; Cross-border regulation; Institutional partnerships; Cultural adaptation strategies; Risk analysis; Advisory reporting; Systems redesign proposals
9,Teaching & Education,180,Institutional Governance Officer,10,no,10,Governance frameworks; Board advisory; Risk oversight; Compliance systems; Performance accountability; Ethics management; Stakeholder transparency; Policy enforcement; Audit coordination; Governance evaluation
9,Teaching & Education,181,Education Digital Transformation Strategist,10,no,10,Digital maturity assessment; Transformation roadmap design; Technology selection; Change leadership; Risk management; Budget alignment; Staff enablement; Platform integration; Performance metrics; Sustainability planning
9,Teaching & Education,182,AI Strategy Advisor for Education Institutions,10,no,10,AI opportunity mapping; Institutional AI policy design; Risk &amp; ethics governance; Platform selection; Data readiness analysis; Workforce upskilling planning; Implementation governance; Performance monitoring; Regulatory compliance; Strategic reporting
9,Teaching & Education,183,Education Futures & Workforce Alignment Strategist,10,no,10,Labour market analysis; Skills forecasting; Curriculum alignment models; Industry collaboration; Policy advisory; Scenario planning; Innovation ecosystems design; Education-employment pipelines; Impact modelling; Strategy evaluation
9,Teaching & Education,184,Doctoral Capstone Impact Leader (Education Systems),10,no,10,Institutional problem diagnosis; Large-scale project design; Evidence-based intervention; Stakeholder leadership; Financial planning; Risk governance; Outcome measurement; Policy alignment; Sustainability strategy; Doctoral impact reporting
10,Beand Leadership,101,Brand Identity Architect,10,no,10,"Construct comprehensive brand identity systems; 
Engineer brand naming conventions using; Design brand visual identity guidelines; Build brand voice and tone; 
Craft brand purpose, mission, and
; Develop brand personality matrices using; Create brand sensory blueprints including; Structure brand storytelling architectures that; Formulate brand positioning statements achieving; Implement brand identity governance protocols"
10,Beand Leadership,102,Consumer Insights Analyst,10,no,10,Analyze consumer decision-making pathways in; Apply cognitive psychology principles to; Evaluate emotional and rational drivers; Assess cross-cultural influences on brand; Design research instruments measuring brand; Interpret consumer data to generate; Apply behavioral economics models to; Map social identity influences on; Analyze generational cohort differences in; Construct consumer journey maps identifying
10,Beand Leadership,103,Brand Research Specialist,10,no,10,Design quantitative brand research studies; Conduct qualitative brand research through; Implement brand tracking systems monitoring; Interpret brand equity data using; Deploy social listening platforms for; Execute competitive brand analysis using; Evaluate brand association networks through; Apply statistical analysis to brand; Conduct comprehensive brand audits assessing; Synthesize multi-source brand intelligence into
10,Beand Leadership,104,Brand Communications Specialist,10,no,10,Develop integrated brand communication strategies; Create brand messaging hierarchies for; Design brand content strategies aligned; Measure advertising effectiveness in building; Execute public relations programs enhancing; Develop social media brand communication; Create crisis communication frameworks protecting; Design internal brand communication programs; Calculate brand communication ROI using; Apply narrative techniques to enhance
10,Beand Leadership,105,Digital Brand Specialist,10,no,10,Architect digital brand ecosystems spanning; Develop brand website strategies optimized; Create platform-specific social media brand; Implement search engine optimization elevating; Design digital brand content calendars; Analyze digital brand metrics including; Build e-commerce brand experiences reinforcing; Apply mobile-first brand design principles; Manage digital brand communities fostering; Integrate digital and physical brand
10,Beand Leadership,106,Brand Equity Analyst,10,no,10,Apply brand equity measurement frameworks; Design brand awareness tracking systems; Measure brand association strength; Analyze brand loyalty metrics including; Assess perceived quality indicators across; Calculate brand resonance scores measuring; Implement brand health dashboards for; Benchmark brand equity against competitive; Forecast brand equity trajectories using; Report brand equity performance to
10,Beand Leadership,107,Brand Strategist,10,no,10,Formulate brand strategies aligned with; Conduct brand environment analysis using; Develop competitive brand strategies based; Create brand growth roadmaps including; Design brand portfolio strategies optimizing; Build brand investment cases with; Develop brand innovation strategies ensuring; Structure brand partnership strategies for; Create brand internationalization playbooks for; Design brand exit and rationalization
10,Beand Leadership,108,Brand Positioning Expert,10,no,10,Develop distinctive brand positioning strategies; Create brand differentiation frameworks using; Design category positioning approaches for; Execute repositioning strategies for brand; Construct value proposition frameworks articulating; Build competitive response strategies protecting; Design positioning validation research ensuring; Apply positioning principles to sub-brand; Develop positioning evolution roadmaps for; Implement positioning consistency protocols across
10,Beand Leadership,109,Brand Portfolio Manager,10,no,10,Design brand architecture frameworks including; Develop brand hierarchy strategies clarifying; Optimize brand portfolios maximizing collective; Execute brand migration strategies for; Create sub-brand development strategies leveraging; Assess brand cannibalization risks and; Design brand endorsement strategies ensuring; Develop private label and co-branding; Lead brand consolidation following mergers; Implement brand portfolio metrics for
10,Beand Leadership,110,Brand Experience Designer,10,no,10,Design holistic brand experiences spanning; Construct customer journey maps optimizing; Create brand service design blueprints; Apply experience design principles to; Develop digital experience strategies aligned; Design employee experience programs supporting; Implement brand experience measurement systems; Apply design thinking methodologies to; Create omnichannel brand experience integration; Develop experiential marketing activations driving
10,Beand Leadership,111,Brand Performance Analyst,10,no,10,Design comprehensive brand KPI frameworks; Develop brand health tracking systems; Create brand financial performance dashboards; Apply brand valuation techniques for; Build brand attribution models connecting; Implement real-time brand performance monitoring; Conduct brand benchmarking analysis against; Calculate brand ROI informing investment; Design brand risk assessment frameworks; Deliver brand performance reports to
10,Beand Leadership,112,Brand Campaign Manager,10,no,10,Plan integrated brand campaigns across; Develop campaign creative briefs ensuring; Manage brand campaign budgets optimizing; Coordinate agency partnerships delivering brand; Execute campaign launches with precision; Monitor campaign performance using real-time; Conduct post-campaign analysis measuring brand; Apply A/B testing methodologies to; Manage influencer and creator partnerships; Scale successful campaigns across markets
10,Beand Leadership,113,Brand Leader,10,no,10,Demonstrate executive-level brand leadership driving; Develop and communicate brand vision; Lead cross-functional brand teams with; Build brand-centric organizational culture through; Navigate C-suite stakeholder relationships advancing; Present brand strategy effectively to; Lead brand transformation initiatives with; Develop brand talent pipelines and; Foster innovation culture supporting continuous; Model personal brand leadership exemplifying
10,Beand Leadership,114,Brand Governance Director,10,no,10,Design brand governance frameworks ensuring; Develop comprehensive brand guidelines and; Implement brand compliance monitoring systems; Establish brand approval workflows ; Conduct brand audits assessing governance; Manage trademark and intellectual property; Create brand licensing governance ensuring; Chair brand governance committees; Design brand governance training programs; Report brand governance performance
10,Beand Leadership,115,Brand Crisis Manager,10,no,10,Develop brand crisis prevention strategies; Create comprehensive brand crisis response; Lead brand crisis communication with; Implement brand reputation monitoring systems; Execute brand recovery strategies following; Build brand resilience frameworks for; Manage media relations during brand; Coordinate multi-stakeholder communication during crisis; Conduct post-crisis analysis for continuous; Lead brand crisis simulation exercises
10,Beand Leadership,116,Sustainable Brand Strategist,10,no,10,Develop ethical brand management frameworks; Create brand sustainability strategies aligned; Design purpose-driven brand positioning with; Measure brand environmental footprint ; Build brand transparency initiatives strengthening; Develop brand diversity and equlity; Create cause marketing programs delivering; Assess brand supply chain ethics; Design brand sustainability reporting meeting; Lead brand authenticity initiatives preventing
10,Beand Leadership,117,Internal Brand Champion,10,no,10,Design brand-aligned organizational structures supporting; Develop internal brand engagement programs; Create brand culture initiatives aligning; Design brand training and certification; Establish brand champion networks for; Integrate brand into HR practices; Create brand innovation teams and; Measure employee brand engagement and; Build cross-functional brand collaboration frameworks; Develop brand knowledge management systems
10,Beand Leadership,118,Brand Valuation Specialist,10,no,10,Apply brand valuation methodologies (Interbrand; Build brand investment business cases; Develop brand budget allocation frameworks; Assess brand M&A opportunities from; Create brand licensing revenue strategies; Conduct brand financial risk assessments; Design brand cost management strategies; Integrate brand equity metrics into; Develop brand-linked incentive systems aligning; Manage brand investor relations communicating
10,Beand Leadership,119,Global Brand Director,10,no,10,Develop global brand architecture balancing; Create market entry brand strategies; Design cross-cultural brand positioning resonating; Optimize global brand portfolios for; Execute glocalization strategies adapting global; Implement global brand governance ensuring; Develop global brand communication strategies; Measure global brand performance using; Build global brand partnerships with; Create global brand innovation pipelines
10,Beand Leadership,120,Digital Brand Transformation Leader,10,no,10,Lead digital brand transformation initiatives; Develop digital-first brand strategies for; Create data-driven brand management frameworks; Design AI-powered brand personalization strategies; Evaluate digital brand technology investments; Build digital brand ecosystem partnerships; Drive digital brand experience innovation; Implement digital brand governance for; Manage digital brand risks including; Lead organizational capability building for
10,Beand Leadership,121,Brand Innovation Director,10,no,10,Develop brand innovation strategies for; Create brand venturing approaches for; Design brand incubation frameworks nurturing; Assess brand disruption threats and; Lead brand innovation teams using; Create brand experimentation frameworks enabling; Design brand innovation metrics measuring; Build brand innovation partnerships with; Develop brand futures scenarios informing; Lead brand transformation in response
10,Beand Leadership,122,AI Brand Strategist,10,no,10,Evaluate AI applications for brand; Develop brand automation strategies leveraging; Create AI-powered brand analytics frameworks; Design conversational brand experiences using; Assess brand technology vendors for; Develop brand data strategies enabling; Create brand technology roadmaps aligned; Implement brand marketing automation systems; Evaluate emerging brand technologies (AR; Lead change management for brand
10,Beand Leadership,123,Brand Partnership Director,10,no,10,Develop strategic brand partnership frameworks; Create co-branding strategies maximizing combined; Design brand licensing programs for; Evaluate brand endorsement and sponsorship; Build brand ecosystem strategies for; Implement brand alliance governance ensuring; Create brand franchise systems enabling; Lead brand M&A integration preserving; Develop brand partnership metrics for; Manage influencer and creator collaborations
10,Beand Leadership,124,Customer-Centric Brand Strategist,10,no,10,"Design customer-centric brand strategies grounded; Develop brand personalization frameworks for; Create brand loyalty ecosystems beyond; Apply customer lifetime value models; Build brand communities driving advocacy; Design brand co-creation programs engaging; Implement brand customer feedback systems; Create brand customer service excellence; Analyze NPS,CSAT,and CES; Lead customer experience transformation for"
10,Beand Leadership,125,Brand Research Director,10,no,10,Design rigorous brand research methodologies; Apply advanced statistical techniques (SEM); Develop brand research instruments with; Conduct systematic literature reviews on; Apply mixed methods research designs; Evaluate brand research quality using; Design longitudinal brand studies tracking; Apply neuroscience methods (fMRIEEG); Conduct ethnographic brand research generating; Develop brand research ethics protocols
10,Beand Leadership,126,Brand Theory Developer,10,no,10,Critically evaluate existing brand theories; Synthesize brand literature identifying theoretical; Develop conceptual frameworks advancing brand; Apply multidisciplinary perspectives to brand; Design research testing brand theoretical; Contribute original theoretical insights to; Translate brand theory into practical; Apply philosophical approaches to brand; Develop brand measurement theories for; Create brand theory integration frameworks
10,Beand Leadership,127,Brand Strategy Researcher,10,no,10,Design research investigating brand strategy; Apply case study methodologies to; Develop frameworks linking brand strategy; Translate brand strategy research into; Conduct comparative brand strategy research; Apply action research methods to; Investigate brand strategy implementation challenges; Analyze brand strategy contingency factors; Develop brand strategy typologies from; Create evidence-based brand strategy decision
10,Beand Leadership,128,Consumer-Brand Relationship Researcher,10,no,10,"Design research investigating consumer-brand relationship; Apply relationship theory to brand; Develop frameworks explaining brand love; Investigate brand community formation and; Research brand loyalty antecedents,consequences; Apply psychological theories to brand; Study brand authenticity perception formation; Investigate cultural influences on brand; Develop brand relationship measurement scales; Create evidence-based brand relationship management"
10,Beand Leadership,129,Digital Brand Researcher,10,no,10,Design research investigating digital brand; Apply computational methods to brand; Develop frameworks for online brand; Evaluate big data approaches to; Research brand-consumer digital interactions and; Apply sentiment analysis and NLP; Investigate AI and automation effects; Critically evaluate digital brand measurement; Develop digital brand research ethics; Generate evidence-based digital brand strategy
10,Beand Leadership,130,Global Brand Researcher,10,no,10,Design cross-cultural brand research with; Apply cultural theory frameworks to; Develop measurement equivalence protocols for; Research global brand standardization-adaptation effectiveness; Conduct comparative brand management research; Apply institutional theory to global; Investigate emerging market brand phenomena; Address global brand research sampling; Develop cross-cultural brand measurement instruments; Create evidence-based global brand management
10,Beand Leadership,131,Doctoral Research Designer,10,no,10,Identify significant research problems advancing; Develop comprehensive research proposals meeting; Conduct thorough literature reviews positioning; Formulate research questions driving meaningful; Design methodologically sound brand research; Present research proposals effectively to; Respond constructively to academic feedback; Demonstrate ethical research planning protecting; Develop realistic research timelines ensuring; Create stakeholder engagement plans for
10,Beand Leadership,132,Doctoral Research Executor,10,no,10,Execute brand research data collection; Apply appropriate analytical techniques to; Interpret brand research findings with; Document research processes ensuring transparency; Navigate research challenges with adaptive; Maintain research quality standards throughout; Engage supervisors productively in research; Demonstrate research integrity in all; Apply reflexivity to research practice; Manage research project timelines for
10,Beand Leadership,133,Doctoral Thesis Author,10,no,10,Synthesize brand research findings into; Develop theoretical contributions advancing brand; Create practical implications guiding brand; Write doctoral thesis chapters meeting; Defend research methodology choices with; Address research limitations with transparency; Position research contributions within broader; Prepare research manuscripts for academic; Present research findings to academic; Demonstrate scholarly maturity through thesis
10,Beand Leadership,134,Brand Thought Leader,10,no,10,Establish personal thought leadership platform; Contribute original insights advancing brand; Engage professional communities through thought; Publish brand insights in academic; Present at major academic and; Mentor emerging brand professionals in; Build professional networks advancing brand; Serve as media expert resource; Contribute to brand management education; Demonstrate continuous learning adapting to
10,Beand Leadership,135,Brand Consulting Expert,10,no,10,Apply doctoral research insights to; Develop proprietary brand consulting methodologies; Design brand consulting engagements with; Lead brand consulting projects with; Create brand consulting deliverables meeting; Build brand consulting client relationships; Price and scope brand consulting; Manage brand consulting teams with; Evaluate brand consulting impact for; Develop brand consulting thought leadership
10,Beand Leadership,136,Chief Brand Officer,10,no,10,Integrate brand strategy with enterprise; Lead brand-driven organizational transformation initiatives; Demonstrate executive presence commanding respect; Navigate complex stakeholder environments with; Build brand leadership legacies through; Contribute to brand management professional; Advance brand management profession through; Exemplify ethical leadership excellence in; Create measurable brand value recognized; Serve as role model for
